{
  "method": "K-Means on Final Preferences",
  "n_participants": 20,
  "classification_counts": {
    "Hypersensitive": 7,
    "Hyposensitive": 10,
    "Typical": 3
  },
  "cluster_centers": {
    "Typical": {
      "final_volume": 63.038248699086616,
      "volume_changes_per_minute": 6.588367987326526,
      "mutes_per_minute": 0.3010651474198699,
      "final_delay": 76.64977333333333,
      "final_saturation": 40.874113333333334,
      "final_pitch": 0.5915711666666666,
      "final_eq_gain": 1.8729748966666668
    },
    "Hypersensitive": {
      "final_volume": 40.996437915496514,
      "volume_changes_per_minute": 5.202181147053789,
      "mutes_per_minute": 0.6368254934019957,
      "final_delay": 47.86895571428572,
      "final_saturation": 35.14131428571429,
      "final_pitch": 0.27974245714285717,
      "final_eq_gain": 1.0969527925
    },
    "Hyposensitive": {
      "final_volume": 69.2333670946611,
      "volume_changes_per_minute": 2.647822434400965,
      "mutes_per_minute": 0.444616961503679,
      "final_delay": 11.103112999999997,
      "final_saturation": 16.016194,
      "final_pitch": 0.27421894,
      "final_eq_gain": 1.4997648852499998
    }
  },
  "individual_results": [
    {
      "id": "PARTICIPANT10",
      "classification": "Hypersensitive",
      "session_duration": 12.0513,
      "final_volume": 39.7975772826087,
      "final_volume_stability": 12.425716609433973,
      "avg_volume": 60.099227062634995,
      "volume_range": 85.72194999999999,
      "discrete_volume_changes": 26,
      "volume_changes_per_minute": 2.157443595296773,
      "mute_events": 6,
      "mutes_per_minute": 0.49787159891463995,
      "final_pitch": 0.2019011,
      "avg_pitch": 0.3214628300373563,
      "pitch_deviation_from_natural": 0.7980989,
      "final_delay": 78.29635,
      "avg_delay": 47.592043343782386,
      "final_saturation": 57.58496,
      "avg_saturation": 49.643775121242484,
      "final_eq_gain": 1.2828666499999999,
      "final_eq_freq": 225.08408,
      "eq_low_freq_preference": 1.0,
      "eq_high_freq_preference": 0.0
    },
    {
      "id": "PARTICIPANT101",
      "classification": "Hyposensitive",
      "session_duration": 23.689,
      "final_volume": 46.79034894736842,
      "final_volume_stability": 5.19519234209985,
      "avg_volume": 60.47947573426575,
      "volume_range": 79.11192,
      "discrete_volume_changes": 38,
      "volume_changes_per_minute": 1.6041200557220652,
      "mute_events": 9,
      "mutes_per_minute": 0.379923171092068,
      "final_pitch": 0.33,
      "avg_pitch": 0.43133151044202467,
      "pitch_deviation_from_natural": 0.6699999999999999,
      "final_delay": 0.0,
      "avg_delay": 46.260797133333334,
      "final_saturation": 0.0,
      "avg_saturation": 38.091057898360084,
      "final_eq_gain": 1.5831268749999998,
      "final_eq_freq": 514.7839175,
      "eq_low_freq_preference": 0.75,
      "eq_high_freq_preference": 0.0
    },
    {
      "id": "PARTICIPANT102",
      "classification": "Hyposensitive",
      "session_duration": 19.57926666666667,
      "final_volume": 72.40174796296297,
      "final_volume_stability": 9.448704074247505,
      "avg_volume": 68.69817429629632,
      "volume_range": 75.45084,
      "discrete_volume_changes": 56,
      "volume_changes_per_minute": 2.8601684094399173,
      "mute_events": 12,
      "mutes_per_minute": 0.612893230594268,
      "final_pitch": 0.33,
      "avg_pitch": 0.4264442251838235,
      "pitch_deviation_from_natural": 0.6699999999999999,
      "final_delay": 0.0,
      "avg_delay": 46.045020785140565,
      "final_saturation": 0.0,
      "avg_saturation": 49.98815355760709,
      "final_eq_gain": 1.9532789999999998,
      "final_eq_freq": 168.49976999999998,
      "eq_low_freq_preference": 1.0,
      "eq_high_freq_preference": 0.0
    },
    {
      "id": "PARTICIPANT103",
      "classification": "Hypersensitive",
      "session_duration": 11.5253,
      "final_volume": 33.6496284082353,
      "final_volume_stability": 24.146283840850515,
      "avg_volume": 63.7456109899767,
      "volume_range": 100.0,
      "discrete_volume_changes": 113,
      "volume_changes_per_minute": 9.804517019079764,
      "mute_events": 9,
      "mutes_per_minute": 0.7808907360329016,
      "final_pitch": 0.33,
      "avg_pitch": 0.4548345410611594,
      "pitch_deviation_from_natural": 0.6699999999999999,
      "final_delay": 0.0,
      "avg_delay": 57.79587598004347,
      "final_saturation": 0.0,
      "avg_saturation": 62.94248599631878,
      "final_eq_gain": 1.2307452749999999,
      "final_eq_freq": 307.5226725,
      "eq_low_freq_preference": 0.75,
      "eq_high_freq_preference": 0.0
    },
    {
      "id": "PARTICIPANT104",
      "classification": "Hyposensitive",
      "session_duration": 20.404466666666668,
      "final_volume": 78.78551092391305,
      "final_volume_stability": 12.853734618164385,
      "avg_volume": 76.83632588299025,
      "volume_range": 59.94186,
      "discrete_volume_changes": 28,
      "volume_changes_per_minute": 1.3722485599558265,
      "mute_events": 11,
      "mutes_per_minute": 0.5390976485540747,
      "final_pitch": 0.33,
      "avg_pitch": 0.38067702228235295,
      "pitch_deviation_from_natural": 0.6699999999999999,
      "final_delay": 0.0,
      "avg_delay": 10.0,
      "final_saturation": 0.0,
      "avg_saturation": 58.14479413059985,
      "final_eq_gain": 2.1199725000000003,
      "final_eq_freq": 191.6476675,
      "eq_low_freq_preference": 1.0,
      "eq_high_freq_preference": 0.0
    },
    {
      "id": "PARTICIPANT105",
      "classification": "Hypersensitive",
      "session_duration": 11.81265,
      "final_volume": 34.4729812987013,
      "final_volume_stability": 3.66444831086813,
      "avg_volume": 47.82832548051949,
      "volume_range": 86.44275,
      "discrete_volume_changes": 41,
      "volume_changes_per_minute": 3.4708553965452293,
      "mute_events": 8,
      "mutes_per_minute": 0.6772400773746788,
      "final_pitch": 0.33,
      "avg_pitch": 0.45322368777011496,
      "pitch_deviation_from_natural": 0.6699999999999999,
      "final_delay": 46.50999,
      "avg_delay": 52.19183308457712,
      "final_saturation": 78.45081,
      "avg_saturation": 52.74896562600001,
      "final_eq_gain": 1.3735264,
      "final_eq_freq": 754.164175,
      "eq_low_freq_preference": 0.5,
      "eq_high_freq_preference": 0.0
    },
    {
      "id": "PARTICIPANT106",
      "classification": "Hyposensitive",
      "session_duration": 24.25818333333333,
      "final_volume": 41.954402040816326,
      "final_volume_stability": 19.41563002321257,
      "avg_volume": 47.7047336659919,
      "volume_range": 90.17409,
      "discrete_volume_changes": 96,
      "volume_changes_per_minute": 3.957427424834644,
      "mute_events": 8,
      "mutes_per_minute": 0.3297856187362203,
      "final_pitch": 0.4085103,
      "avg_pitch": 0.4133931542734568,
      "pitch_deviation_from_natural": 0.5914897,
      "final_delay": 0.0,
      "avg_delay": 32.62058248295054,
      "final_saturation": 0.0,
      "avg_saturation": 40.42246069321149,
      "final_eq_gain": 0.9276015,
      "final_eq_freq": 363.5268,
      "eq_low_freq_preference": 0.75,
      "eq_high_freq_preference": 0.0
    },
    {
      "id": "PARTICIPANT11",
      "classification": "Hypersensitive",
      "session_duration": 8.655116666666666,
      "final_volume": 55.29643165289257,
      "final_volume_stability": 8.293451313688882,
      "avg_volume": 42.61913607401316,
      "volume_range": 72.877813,
      "discrete_volume_changes": 38,
      "volume_changes_per_minute": 4.390466525581208,
      "mute_events": 3,
      "mutes_per_minute": 0.3466157783353585,
      "final_pitch": 0.3011815,
      "avg_pitch": 0.31396671742268045,
      "pitch_deviation_from_natural": 0.6988185,
      "final_delay": 62.44203,
      "avg_delay": 63.09556227642277,
      "final_saturation": 29.23377,
      "avg_saturation": 37.92919031254902,