{
  "original_n": 18,
  "expanded_n": 3336,
  "expansion_factor": 185.33333333333334,
  "anova_results": {
    "f_statistic": 6267.570914969704,
    "p_value": 0.0,
    "eta_squared": 0.7899565030537212
  },
  "permutation_test": {
    "observed_accuracy": 0.9673163418290855,
    "p_value": 0.009900990099009901
  },
  "effect_sizes": {
    "volume": 4.276580962849358,
    "muting": 3.3017095202749194,
    "delay": 0.14831325689929742,
    "saturation": 3.980754581301832
  },
  "confidence_intervals": {
    "hyper": {
      "volume": {
        "mean": 46.713572058442516,
        "ci_lower": 46.056309772607726,
        "ci_upper": 47.370834344277306
      },
      "muting": {
        "mean": 0.5722798325696529,
        "ci_lower": 0.5638095588153098,
        "ci_upper": 0.5807501063239959
      },
      "delay": {
        "mean": 26.072551883381205,
        "ci_lower": 24.70844345215287,
        "ci_upper": 27.43666031460954
      },
      "saturation": {
        "mean": 13.105127958482138,
        "ci_lower": 12.105213300123227,
        "ci_upper": 14.105042616841049
      }
    },
    "typical": {
      "volume": {
        "mean": 62.97008153915852,
        "ci_lower": 62.59841925907175,
        "ci_upper": 63.341743819245295
      },
      "muting": {
        "mean": 0.35531077503232256,
        "ci_lower": 0.3499428927484932,
        "ci_upper": 0.3606786573161519
      },
      "delay": {
        "mean": 49.33878845979342,
        "ci_lower": 48.134402628783036,
        "ci_upper": 50.543174290803805
      },
      "saturation": {
        "mean": 25.642393543236018,
        "ci_lower": 25.010728240115657,
        "ci_upper": 26.27405884635638
      }
    },
    "hypo": {
      "volume": {
        "mean": 86.69172493866029,
        "ci_lower": 86.2812911416668,
        "ci_upper": 87.10215873565377
      },
      "muting": {
        "mean": 0.23239902340281335,
        "ci_lower": 0.2316428357704454,
        "ci_upper": 0.2331552110351813
      },
      "delay": {
        "mean": 28.656519989322895,
        "ci_lower": 28.19213818873146,
        "ci_upper": 29.12090178991433
      },
      "saturation": {
        "mean": 65.38994192783427,
        "ci_lower": 64.96360502877361,
        "ci_upper": 65.81627882689493
      }
    }
  },
  "cross_validation": {
    "mean_accuracy": 0.9834834834834835,
    "std": 0.022562527034548762
  },
  "required_sample_sizes": {
    "volume": 1,
    "muting": 2,
    "delay": 714,
    "saturation": 1
  }
}