{
  "vae_training": {
    "method": "Class-Conditional Variational Autoencoder",
    "architecture": {
      "input_dim": 4,
      "latent_dim": 2,
      "hidden_dim": 6
    },
    "classes_trained": [
      "hyper",
      "typical",
      "hypo"
    ]
  },
  "vae_generated_dataset": {
    "n": 1500,
    "n_per_class": 500,
    "class_distribution": {
      "hyper": 500,
      "typical": 500,
      "hypo": 500
    }
  },
  "validation": {
    "cv_accuracy_on_vae": 1.0,
    "cv_std": 0.0,
    "train_vae_test_original": 0.6666666666666666
  },
  "mega_dataset": {
    "n_total": 3336,
    "expansion_factor": 185.33333333333334,
    "class_distribution": {
      "hyper": 1118,
      "typical": 1114,
      "hypo": 1104
    },
    "cv_accuracy": 0.9837837837837838,
    "cv_std": 0.020986672924511895
  },
  "latent_space": {
    "hyper": {
      "mean": [
        -0.016839905874300034,
        0.0042484521690082395
      ],
      "std": [
        0.025609922498628326,
        0.029748998963383774
      ]
    },
    "typical": {
      "mean": [
        -0.023418203247137035,
        0.014217911461147148
      ],
      "std": [
        0.04213184682126815,
        0.03896035367879312
      ]
    },
    "hypo": {
      "mean": [
        -0.02344215253774979,
        0.00947429057835992
      ],
      "std": [
        0.025109943966796045,
        0.012239573909032159
      ]
    }
  },
  "generated_statistics": {
    "hyper": {
      "volume": {
        "mean": 47.51127561306123,
        "std": 0.011161328409505237
      },
      "muting": {
        "mean": 0.588949919219504,
        "std": 0.00023713267848140708
      },
      "delay": {
        "mean": 28.4397180939131,
        "std": 0.012132787888098701
      },
      "saturation": {
        "mean": 15.087296494002413,
        "std": 0.022425090186725224
      }
    },
    "typical": {
      "volume": {
        "mean": 63.430379245715145,
        "std": 0.00988182128357867
      },
      "muting": {
        "mean": 0.3671997035712219,
        "std": 0.0002251753224143969
      },
      "delay": {
        "mean": 49.4628536992865,
        "std": 0.04914634757096708
      },
      "saturation": {
        "mean": 26.02023550842076,
        "std": 0.01829876045114054
      }
    },
    "hypo": {
      "volume": {
        "mean": 86.8678976126818,
        "std": 0.005962411653387018
      },
      "muting": {
        "mean": 0.23299885336049747,
        "std": 1.4258411899774042e-05
      },
      "delay": {
        "mean": 28.648239979084188,
        "std": 0.0033523019984101946
      },
      "saturation": {
        "mean": 65.00000785184973,
        "std": 0.0021969926960613635
      }
    }
  }
}